{"5": {"2": "(in US$'mil, unless otherwise stated)", "4": "MTD Feb\nActual", "5": "MTD Feb\nBudget", "6": "MTD\nVariance", "7": "% \u2206", "8": "YTD Feb\nActual", "9": "YTD Feb\nBudget", "10": "YTD\nVariance", "11": "% \u2206", "26": "FY26\n2+10 Fcst", "27": "FY26\nBudget", "28": "FY26F vs.\nFY26B", "29": "% \u2206", "30": "FY26\n2+10 Fcst", "31": "FY25\nActual", "32": "FY26F vs.\nFY25A", "33": "% \u2206"}, "7": {"2": "Asset / Investment Mgmt Fee", "4": 1.5035471329020003, "5": 1.0695918692131168, "6": 0.4339552636888835, "7": 0.4057204211996657, "8": 2.929736840214, "9": 2.2116095855363938, "10": 0.7181272546776061, "11": 0.3247079680672639, "26": 34.212523720331895, "27": 35.06052009181713, "28": -0.8479963714852374, "29": -0.024186645527918268, "30": 34.212523720331895, "31": 31.959267249067864, "32": 2.253256471264031, "33": 0.07050400917216743}, "8": {"2": "Property Mgmt Fee", "4": 0, "5": 0, "6": 0, "7": 0, "8": 0, "9": 0, "10": 0, "11": 0, "26": 0, "27": 0, "28": 0, "29": 0, "30": 0, "31": 0, "32": 0, "33": 0}, "9": {"2": "Leasing Fee", "4": 0.16798902771000002, "5": 0.5605246920081002, "6": -0.39253566429810016, "7": -0.7003003969224385, "8": 0.2024155641, "9": 2.0176475574797936, "10": -1.8152319933797936, "11": -0.8996774420043738, "26": 8.456568186272158, "27": 6.789882083453134, "28": 1.6666861028190239, "29": 0.24546613362855285, "30": 8.456568186272158, "31": 6.368778006661313, "32": 2.0877901796108445, "33": 0.32781644727248405}, "10": {"2": "Development Mgmt Fee", "4": 0.138, "5": 0.3976911240696766, "6": -0.2596911240696766, "7": -0.6529970330043825, "8": 1.2994483141800002, "9": 0.8740842388451437, "10": 0.42536407533485643, "11": 0.48663968120149986, "26": 13.367225320339225, "27": 13.806211399245395, "28": -0.43898607890617036, "29": -0.03179627388076674, "30": 13.367225320339225, "31": 7.419197205917071, "32": 5.948028114422153, "33": 0.8017077790678473}, "11": {"2": "Acq / Div Fee", "4": 0, "5": 0.18449785906920171, "6": -0.18449785906920171, "7": -1, "8": 0, "9": 0.3065478780692017, "10": -0.3065478780692017, "11": -1, "26": 8.981154641533546, "27": 9.680608785102748, "28": -0.6994541435692021, "29": -0.07225311538728586, "30": 8.981154641533546, "31": 2.530700690678844, "32": 6.450453950854703, "33": 2.5488806221190905}, "12": {"2": "Other", "4": 0.17553003909, "5": 0.00359999999712, "6": 0.17193003909288002, "7": 0, "8": 0.17553003909, "9": 0.00719999999424, "10": 0.16833003909576, "11": 0, "26": 0.21153003906119994, "27": 0.04319999996544001, "28": 0.16833003909575994, "29": 3.896528685889443, "30": 0.21153003906119994, "31": 2.7199999912959996, "32": -2.5084699522347997, "33": -0.9222316030374648}, "13": {"2": "Fee Income excl. Promote", "4": 1.9850661997020003, "5": 2.2159055443572155, "6": -0.23083934465521527, "7": -0.10417381970230892, "8": 4.607130757584, "9": 5.417089259924773, "10": -0.8099585023407734, "11": -0.1495191353653311, "26": 65.22900190753802, "27": 65.38042235958385, "28": -0.15142045204582644, "29": -0.0023159907290447525, "30": 65.22900190753802, "31": 50.99794314362109, "32": 14.231058763916927, "33": 0.27905162221619856}, "14": {"2": "Promote Fee", "4": 0, "5": 0, "6": 0, "7": 0, "8": 0, "9": 0, "10": 0, "11": 0, "26": 0, "27": 0, "28": 0, "29": 0, "30": 0, "31": 0, "32": 0, "33": 0}, "15": {"2": "Fee Income", "4": 1.9850661997020003, "5": 2.2159055443572155, "6": -0.23083934465521527, "7": -0.10417381970230892, "8": 4.607130757584, "9": 5.417089259924773, "10": -0.8099585023407734, "11": -0.1495191353653311, "26": 65.22900190753802, "27": 65.38042235958385, "28": -0.15142045204582644, "29": -0.0023159907290447525, "30": 65.22900190753802, "31": 50.99794314362109, "32": 14.231058763916927, "33": 0.27905162221619856}, "17": {"2": "Rental Revenue", "4": 0, "5": 0, "6": 0, "7": 0, "8": 0, "9": 0, "10": 0, "11": 0, "26": 0, "27": 0, "28": 0, "29": 0, "30": 0, "31": 0, "32": 0, "33": 0}, "18": {"2": "Rental Cost", "4": 0, "5": 0, "6": 0, "7": 0, "8": 0, "9": 0, "10": 0, "11": 0, "26": 0, "27": 0, "28": 0, "29": 0, "30": 0, "31": 0, "32": 0, "33": 0}, "19": {"2": "Rental NOI", "4": 0, "5": 0, "6": 0, "7": 0, "8": 0, "9": 0, "10": 0, "11": 0, "26": 0, "27": 0, "28": 0, "29": 0, "30": 0, "31": 0, "32": 0, "33": 0}, "20": {"2": "Solar Revenue", "4": 0.085, "5": 0.14262148716590284, "6": -0.05762148716590283, "7": -0.40401687228850225, "8": 0.085, "9": 0.2648684762681053, "10": -0.17986847626810526, "11": -0.6790860082799688, "26": 2.0377392557300396, "27": 2.0374498157300405, "28": 0.000289439999999086, "29": 0.00014205994069865053, "30": 2.0377392557300396, "31": 2.38728529, "32": -0.34954603426996034, "33": -0.1464198835950438}, "21": {"2": "Solar Cost", "4": -0.117, "5": -0.14589114999999997, "6": 0.028891149999999963, "7": 0.19803223156442298, "8": -0.238, "9": -0.30694831, "10": 0.06894831000000001, "11": 0.224625149426625, "26": -1.7771067900000006, "27": -1.7770365399999999, "28": -7.025000000071557e-05, "29": -3.953210776448951e-05, "30": -1.7771067900000006, "31": -1.7635467908558693, "32": -0.013559999144131307, "33": -0.00768904982529581}, "22": {"2": "Solar NOI", "4": -0.032, "5": -0.003269662834097131, "6": -0.02873033716590287, "7": -8.78694184192124, "8": -0.15299999999999997, "9": -0.04207983373189472, "10": -0.11092016626810525, "11": -2.6359459254239517, "26": -0.15299999999999997, "27": 0.2604132757300406, "28": -0.41341327573004055, "29": -1.5875276503130684, "30": -0.15299999999999997, "31": 0.6237384991441306, "32": -0.7767384991441306, "33": -1.2452951039737656}, "23": {"2": "Dividend Income", "4": 0.007, "5": 0, "6": 0.007, "7": 0, "8": 0.039, "9": 0.0067994928, "10": 0.0322005072, "11": 4.73572193502433, "26": 5.40162962688, "27": 5.33586001392, "28": 0.0657696129600005, "29": 0.012325962972870934, "30": 5.40162962688, "31": 4.849202544879563, "32": 0.5524270820004373, "33": 0.11392122248714148}, "24": {"2": "Share of Profit/Loss from Fund/JV (excl. FV Gain/Loss)", "4": 0.399647759048, "5": 0.40007173744511754, "6": -0.0004239783971175526, "7": -0.0010597559323362966, "8": 0.606295518096, "9": 1.0678446454781996, "10": -0.46154912738219955, "11": -0.43222497704758334, "26": -1.342084961563048, "27": -1.351801576478624, "28": 0.009716614915576072, "29": 0.0071879002692742605, "30": -1.342084961563048, "31": -1.808695861216645, "32": 0.46661089965359714, "33": 0.25798195797259393}, "25": {"2": "Investment Income", "4": 0.37464775904799996, "5": 0.3968020746110204, "6": -0.022154315563020444, "7": -0.05583215658521446, "8": 0.4922955180960001, "9": 1.0325643045463049, "10": -0.5402687864503048, "11": -0.5232301601668207, "26": 3.9065446653169524, "27": 4.244471713171416, "28": -0.3379270478544636, "29": -0.07961580867786458, "30": 3.9065446653169524, "31": 3.664245182807049, "32": 0.24229948250990363, "33": 0.06612534653706949}, "27": {"2": "Construction Revenue", "4": 0, "5": 0, "6": 0, "7": 0, "8": 0, "9": 0, "10": 0, "11": 0, "26": 0, "27": 0, "28": 0, "29": 0, "30": 0, "31": 0, "32": 0, "33": 0}, "28": {"2": "Construction Cost", "4": 0, "5": 0, "6": 0, "7": 0, "8": 0, "9": 0, "10": 0, "11": 0, "26": 0, "27": 0, "28": 0, "29": 0, "30": 0, "31": 0, "32": 0, "33": 0}, "29": {"2": "Construction NOI", "4": 0, "5": 0, "6": 0, "7": 0, "8": 0, "9": 0, "10": 0, "11": 0, "26": 0, "27": 0, "28": 0, "29": 0, "30": 0, "31": 0, "32": 0, "33": 0}, "30": {"2": "SG&A Expenses", "4": -1.9296734590853293, "5": -2.35296510918977, "6": 0.4232916501044406, "7": 0.17989712148778894, "8": -3.753554689336599, "9": -4.69909602191914, "10": 0.945541332582541, "11": 0.20121770829368496, "26": -26.12652741638364, "27": -26.194730609491582, "28": 0.06820319310794076, "29": 0.002603698970022144, "30": -26.12652741638364, "31": -23.271520731278002, "32": -2.8550066851056393, "33": -0.12268242879668702}, "31": {"2": "Operating EBITDA (excl. Divestment Gain/Loss)", "4": 0.43004049966467117, "5": 0.25974250977846625, "6": 0.17029798988620493, "7": 0.6556415814702479, "8": 1.3458715863434008, "9": 1.7505575425519373,